Surface_Area_Current,Depth_Current,Breadth_Current,Inflow_Amount,Surface_Area_Target,Depth_Target,Breadth_Target,Condition,Maintenance_Frequency,Maintenance_Suggestions,Prev_Maintenance_Cost,Estimated_Cost
187.8955193048339,7.325677452587346,17.72457124414429,1.118642650215534,190.13280460526497,9.003641427910647,18.843213894359824,High Erosion,Moderate (Every 2-3 Years),Strengthen shores to prevent erosion.,391218.43816806015,391638.38603083487
475.4064388985482,28.91095842056666,28.580443564163904,0.2300077989817166,475.8664544965116,29.255970119039237,28.81045136314562,High Erosion,Moderate (Every 2-3 Years),Strengthen shores to prevent erosion.,61064.11240646068,61067.762877782785
366.2649769638911,29.328580472454792,18.524037943397936,0.9890336319400069,368.2430442277711,30.8121309203648,19.513071575337943,High Erosion,Moderate (Every 2-3 Years),Strengthen shores to prevent erosion.,59955.59818804877,60245.83629625169
299.7305836143213,33.6843455674193,9.781550841948505,2.956903648751492,305.6443909118243,38.11970104054654,12.738454490699997,Stable,Low (Every 5 Years),Regular maintenance of inlets and outlets required.,195624.59861729355,203380.50885720854
78.85330158077582,37.67411001751977,12.94295123895948,2.16498029790324,83.1832621765823,40.921580464374635,15.10793153686272,Stable,Low (Every 5 Years),Regular maintenance of inlets and outlets required.,269889.43568209955,272933.7052070115
78.84126564776513,48.91334357581406,46.61709803523985,4.474091384277177,87.78944841631949,55.62448065222983,51.09118941951702,High Sedimentation,High (Every Year),Increase depth by dredging and use sediment for shore strengthening.,396683.33801350696,423551.36686285463
29.983722471931532,28.23351567355379,21.427038122173457,4.1054734525183605,38.19466937696825,34.391725852331334,25.532511574691817,High Sedimentation,High (Every Year),Increase depth by dredging and use sediment for shore strengthening.,357482.91947292734,378242.1379328092
433.22189674169266,19.533041282356066,37.06271624375947,1.7749050233195924,436.77170678833187,22.195398817335455,38.83762126707906,Stable,Low (Every 5 Years),Regular maintenance of inlets and outlets required.,250656.21786953675,252333.65638413353
300.9563908598612,40.78337876459167,50.83830981463083,1.3711748238133334,303.69874050748786,42.84014100031167,52.20948463844417,Stable,Low (Every 5 Years),Regular maintenance of inlets and outlets required.,173131.99982674964,173905.39195316998
354.3282163202267,17.187451306793342,69.34908803430716,1.960492800019608,358.24920192026593,20.128190506822754,71.30958083432677,Stable,Low (Every 5 Years),Regular maintenance of inlets and outlets required.,498706.02507097,500966.5901258964
11.271662653605421,24.753713931753623,4.891901844268794,2.9924452183225583,17.256553090250538,29.24238175923746,7.8843470625913525,Stable,Low (Every 5 Years),Regular maintenance of inlets and outlets required.,241781.58600618783,249820.54624700514
484.98501622883515,8.530537160401968,80.14162949199522,1.4135118400320938,487.81203990889935,10.65080492045011,81.55514133202732,Stable,Low (Every 5 Years),Regular maintenance of inlets and outlets required.,253124.16094835397,253971.42661220138
416.38887775941043,6.1407834536955885,63.16213855959987,3.158329648460757,422.70553705633193,10.878277926386723,66.32046820806062,Stable,Low (Every 5 Years),Regular maintenance of inlets and outlets required.,123630.71953625113,133082.06475372694
106.9572162284598,48.31917866050663,9.094144162938319,2.1061170957370785,111.16945041993395,51.478354304112244,11.200261258675397,Stable,Low (Every 5 Years),Regular maintenance of inlets and outlets required.,407664.2969374682,410466.94648076297
91.73065863634321,42.61910542304926,87.48428378657094,2.8050311861747033,97.34072100869261,46.826652202311315,90.28931497274564,Stable,Low (Every 5 Years),Regular maintenance of inlets and outlets required.,362157.0016016699,368778.1654778671
92.51885041686347,36.31883927421641,92.16636765264951,2.237019992763052,96.99289040238958,39.67436926336099,94.40338764541256,Stable,Low (Every 5 Years),Regular maintenance of inlets and outlets required.,149346.3257549422,152704.71361409553
152.8168792368093,23.402882498642146,7.046718025631511,1.5428822217553968,155.9026436803201,25.71720583127524,8.589600247386908,Stable,Low (Every 5 Years),Regular maintenance of inlets and outlets required.,87071.47052712922,88173.31317749807
262.85345938448665,12.798244403188061,28.41088716657317,4.747421204114568,272.3483017927158,19.919376209359914,33.158308370687735,High Sedimentation,High (Every Year),Increase depth by dredging and use sediment for shore strengthening.,356224.6859336209,388323.91118408216
216.54056430241576,12.039666920198872,80.81392669951308,3.8416683913828282,224.2239010851814,17.802169507273113,84.6555950908959,High Sedimentation,High (Every Year),Increase depth by dredging and use sediment for shore strengthening.,344530.04642651085,361539.1285365602
146.3233409588229,16.26093041740679,75.07770934798218,0.7865545612556175,147.89645008133414,17.440762259290217,75.86426390923779,High Erosion,Moderate (Every 2-3 Years),Strengthen shores to prevent erosion.,172966.7871491942,173112.7720087508
306.3145944664674,29.71519991177542,19.267580916281354,4.355493081899772,315.0255806302669,36.24843953462508,23.623073998181127,High Sedimentation,High (Every Year),Increase depth by dredging and use sediment for shore strengthening.,477888.6030126847,502676.132251442
70.60743646536888,37.156816521502805,21.72558301033432,2.488412871422617,75.58426220821411,40.88943582863673,24.213995881756937,Stable,Low (Every 5 Years),Regular maintenance of inlets and outlets required.,117976.05130140511,122598.67532493008
146.78017961907386,34.70888195229791,37.67673817634682,4.483305911781048,155.74679144263595,41.433840819969475,42.16004408812786,High Sedimentation,High (Every Year),Increase depth by dredging and use sediment for shore strengthening.,244550.66046917086,271585.0380205798
183.81455980355216,17.59702536256743,48.96777553391111,4.019290754141845,191.85314131183586,23.625961493780196,52.98706628805295,High Sedimentation,High (Every Year),Increase depth by dredging and use sediment for shore strengthening.,474627.1640754195,494106.2927681843
228.57892212430093,47.96893762984374,62.2072223814993,2.183546171899244,232.9460144680994,51.2442568876926,64.39076855339854,Stable,Low (Every 5 Years),Regular maintenance of inlets and outlets required.,238877.29261675503,242000.55444754142
392.8028047351138,38.20536125130958,37.52245031740747,0.21009961076857525,393.2230039566509,38.520510667462446,37.73254992817604,High Erosion,Moderate (Every 2-3 Years),Strengthen shores to prevent erosion.,337336.6764488385,337339.45870426553
100.63721729702151,29.945932363013032,46.790936897181645,1.416519060986236,103.47025541899399,32.070710954492384,48.207455958167884,Stable,Low (Every 5 Years),Regular maintenance of inlets and outlets required.,228917.47908325744,229770.16388716406
257.6029847683922,32.527433580545846,74.9996228752419,2.7540076518382484,263.1110000720687,36.658445058303215,77.75363052708015,Stable,Low (Every 5 Years),Regular maintenance of inlets and outlets required.,173396.8410569015,179663.22040818725
296.6148698621592,23.882002809250547,4.631637086169192,3.2040432771481218,303.02295641645543,28.68806772497273,7.835680363317314,Stable,Low (Every 5 Years),Regular maintenance of inlets and outlets required.,492789.9415819227,502657.6515264492
24.178755947278866,16.147894527552086,25.991257490058054,1.3636496586226914,26.906055264524248,18.193369015486123,27.354907148680745,Stable,Low (Every 5 Years),Regular maintenance of inlets and outlets required.,234200.30284176936,234961.03132777294
304.1648810988177,21.01877053930677,71.6216090025707,0.7828447629568382,305.7305706247314,22.19303768374203,72.40445376552753,High Erosion,Moderate (Every 2-3 Years),Strengthen shores to prevent erosion.,452344.64165561047,452488.5706219804
86.09153771995847,39.10307497089661,89.62547693103274,4.191158160316566,94.4738540405916,45.389812211371456,93.8166350913493,High Sedimentation,High (Every Year),Increase depth by dredging and use sediment for shore strengthening.,153479.57265098876,175565.8949101306
33.46074489965448,5.647706988339014,51.656066769450945,4.923570685447405,43.30788627054929,13.033063016510122,56.57963745489835,High Sedimentation,High (Every Year),Increase depth by dredging and use sediment for shore strengthening.,145897.11681128747,181703.6097772281
474.4938830894133,10.223268822811232,53.67923504126625,2.6758818932831607,479.84564687597964,14.237091662735972,56.355116934549415,Stable,Low (Every 5 Years),Regular maintenance of inlets and outlets required.,64010.337298030114,69758.40768099662
482.8503845042051,7.070118890978874,11.61002912263783,0.9412285006566872,484.7328415055185,8.481961641963904,12.551257623294516,High Erosion,Moderate (Every 2-3 Years),Strengthen shores to prevent erosion.,343250.0714191483,343500.2248493617
404.3902767101141,6.8327961043536565,45.29382431552201,1.434305899944908,407.25888851000394,8.98425495427102,46.72813021546692,Stable,Low (Every 5 Years),Regular maintenance of inlets and outlets required.,215836.8546756925,216722.0652829371
153.00227081751197,43.495726280495326,53.729109379047294,0.190114315082587,153.38249944767713,43.780897753119206,53.91922369412988,High Erosion,Moderate (Every 2-3 Years),Strengthen shores to prevent erosion.,438961.21242783667,438963.27384416875
49.738384889185554,36.664603672101066,25.004579859838238,4.580064152146445,58.89851319347844,43.53469990032073,29.584644011984683,High Sedimentation,High (Every Year),Increase depth by dredging and use sediment for shore strengthening.,262944.4580112007,291767.24274114106
342.4322802295663,26.337822308929635,27.655079863988714,0.6769803061616916,343.78624084188965,27.35329276817217,28.332060170150406,High Erosion,Moderate (Every 2-3 Years),Strengthen shores to prevent erosion.,485687.0425616248,485780.1210581296
220.63609437606104,9.402537229295067,38.351132147357646,2.9249307300198426,226.48595583610071,13.789933324324831,41.27606287737749,Stable,Low (Every 5 Years),Regular maintenance of inlets and outlets required.,133486.4820664045,140993.5096333594
61.897079187544634,27.122714380257456,2.9870485799949105,1.4428705813673095,64.78282035027925,29.28702025230842,4.4299191613622195,Stable,Low (Every 5 Years),Regular maintenance of inlets and outlets required.,440880.42558002484,441781.5886602397
248.0932781455238,26.306229685125455,32.88583739273465,2.815472212327388,253.7242225701786,30.529438003616537,35.701309605062036,Stable,Low (Every 5 Years),Regular maintenance of inlets and outlets required.,399468.5837562838,406163.96005880355
18.15987203649398,12.794084145950684,21.93335269265792,3.291959902924135,24.743791842342247,17.732024000336885,25.225312595582054,Stable,Low (Every 5 Years),Regular maintenance of inlets and outlets required.,396914.8300898234,407617.3209326498
454.75088063731226,24.523324215708787,33.42223786561355,4.165734838165288,463.08235031364285,30.771926472956718,37.58797270377884,High Sedimentation,High (Every Year),Increase depth by dredging and use sediment for shore strengthening.,430152.45265259943,451839.2849770529
130.13121081840845,22.932713047881805,12.856451050105871,1.1114642316269558,132.35413928166236,24.59990939532224,13.967915281732827,High Erosion,Moderate (Every 2-3 Years),Strengthen shores to prevent erosion.,392460.7959243495,392872.7110389304
331.59861989263703,32.71325441234974,89.1622007932496,0.15387956042655435,331.90637901349015,32.944073752989574,89.31608035367616,High Erosion,Moderate (Every 2-3 Years),Strengthen shores to prevent erosion.,331799.14473413693,331800.2378446365
156.54382696861606,33.579214289043975,59.765652901850814,0.7707395873371556,158.08530614329038,34.73532367004971,60.53639248918797,High Erosion,Moderate (Every 2-3 Years),Strengthen shores to prevent erosion.,109060.19495707442,109197.54988745843
260.5139425677276,7.038680439742003,68.23112959530447,4.510091345055715,269.53412525783904,13.803817457325575,72.74122094036018,High Sedimentation,High (Every Year),Increase depth by dredging and use sediment for shore strengthening.,64636.780771063364,92158.6082757425
273.80842939229655,21.857567658191204,79.12795262212649,4.382061380056324,282.5725521524092,28.430659728275693,83.51001400218281,High Sedimentation,High (Every Year),Increase depth by dredging and use sediment for shore strengthening.,464381.5315170591,489625.44157597644
93.242373307238,33.16369620714064,50.34577769397667,3.027324200634511,99.29702170850702,37.704682508092404,53.37310189461118,Stable,Low (Every 5 Years),Regular maintenance of inlets and outlets required.,327492.6415343321,335815.98953188286
484.82272925451474,27.641131636103946,9.605108520654946,3.042532616124902,490.90779448676454,32.2049305602913,12.647641136779848,Stable,Low (Every 5 Years),Regular maintenance of inlets and outlets required.,408441.78093927936,416891.2025759138
387.7912788571962,43.542042853474506,54.17354764003623,3.358679705276652,394.50863826774946,48.580062411389484,57.53222734531288,High Sedimentation,High (Every Year),Increase depth by dredging and use sediment for shore strengthening.,266685.05818064755,278051.56521195
469.80997184053035,34.64121342285253,59.097270684067034,0.9593192652549031,471.72861037104013,36.08019232073489,60.05658994932194,High Erosion,Moderate (Every 2-3 Years),Strengthen shores to prevent erosion.,102788.68503307752,103053.54160473333
447.5188478633968,12.332049218664336,74.79850794424867,4.580618535032303,456.6800849334614,19.20297702121279,79.37912647928097,High Sedimentation,High (Every Year),Increase depth by dredging and use sediment for shore strengthening.,106333.6064911477,135166.85884266288
299.3520894267315,8.175593633019343,43.73429507673826,2.1519755719711586,303.6560405706738,11.403556990976082,45.88627064870942,Stable,Low (Every 5 Years),Regular maintenance of inlets and outlets required.,358504.3792530371,361494.11818072497
461.0152432765353,33.9088675192842,13.630449976760811,1.9773787884225378,464.9700008533803,36.874935701918005,15.60782876518335,Stable,Low (Every 5 Years),Regular maintenance of inlets and outlets required.,243637.65270475822,245957.1339649506
45.15775852390783,6.193008974372981,29.093814674073723,2.642696755885904,50.44315203567964,10.157054108201837,31.736511429959627,Stable,Low (Every 5 Years),Regular maintenance of inlets and outlets required.,140236.12701515152,145772.98327931704
98.79544834715345,31.35990115730585,36.945147343464875,0.33013323719776977,99.455714821549,31.855101013102505,37.275280580662645,High Erosion,Moderate (Every 2-3 Years),Strengthen shores to prevent erosion.,271217.54603364656,271228.3401974974
23.568417166358493,47.31036086412309,64.94580689182851,0.9147885069047892,25.397994180168073,48.682543624480275,65.8605953987333,High Erosion,Moderate (Every 2-3 Years),Strengthen shores to prevent erosion.,78894.02168381034,79123.68062256613
163.3398350508689,30.896338004414552,57.50705216222228,3.7163647204892154,170.77256449184733,36.470885085148375,61.2234168827115,High Sedimentation,High (Every Year),Increase depth by dredging and use sediment for shore strengthening.,311887.13086147944,327285.5536849641
194.94996755505153,22.467646679293487,36.25357586388678,0.5057134728331197,195.96139450071777,23.226216888543167,36.7592893367199,High Erosion,Moderate (Every 2-3 Years),Strengthen shores to prevent erosion.,171047.03199579395,171085.8322728315
136.40316685517405,33.947969829905894,98.66500963050498,3.0554453363853025,142.51405752794466,38.53113783448385,101.72045496689029,Stable,Low (Every 5 Years),Regular maintenance of inlets and outlets required.,408901.5952867347,417459.0539466101
414.54001706681277,25.62138007211825,60.97170711633183,1.3022106374384728,417.1444383416897,27.57469602827596,62.2739177537703,High Erosion,Moderate (Every 2-3 Years),Strengthen shores to prevent erosion.,189662.8815156082,190325.34961608698
179.01991002010104,29.552755519217072,24.485452381863453,2.007548508805685,183.0350070377124,32.5640782824256,26.493000890669137,Stable,Low (Every 5 Years),Regular maintenance of inlets and outlets required.,254849.06708681054,257276.3444115185
141.186320334003,47.36591639494363,11.07646478941997,1.5145993101764295,144.21551895435587,49.63781536020828,12.5910640995964,Stable,Low (Every 5 Years),Regular maintenance of inlets and outlets required.,55229.242958645285,56271.59523406882
271.805345495966,22.37461870103484,16.133054779248873,1.842796310678251,275.49093811732246,25.138813167052216,17.975851089927126,Stable,Low (Every 5 Years),Regular maintenance of inlets and outlets required.,82601.0995075515,84478.48413344938
71.32118826240657,48.25357537207614,25.349815110066306,3.6233249354028034,78.56783813321218,53.688562775180344,28.97314004546911,High Sedimentation,High (Every Year),Increase depth by dredging and use sediment for shore strengthening.,226622.10038300816,240892.72896700547
401.2962933962658,45.74077888802287,16.90745595269601,1.5558964065535579,404.4080862093729,48.0746234978532,18.46335235924957,Stable,Low (Every 5 Years),Regular maintenance of inlets and outlets required.,265972.4756227056,267102.4361900935
38.20077119620564,13.81060106551834,19.47013538107927,2.8753827374547964,43.951536671115235,18.123675171700533,22.345518118534066,Stable,Low (Every 5 Years),Regular maintenance of inlets and outlets required.,320009.2466536867,327141.1958030884
493.45658136365813,8.121258539382445,29.22442170069086,2.4326469707755884,498.3218753052093,11.770228995545828,31.65706867146645,Stable,Low (Every 5 Years),Regular maintenance of inlets and outlets required.,181248.16041918646,185566.91493582522
386.35013987903204,9.535010061984199,18.163985934180726,3.3519887102769763,393.054117299586,14.562993127399663,21.515974644457703,High Sedimentation,High (Every Year),Increase depth by dredging and use sediment for shore strengthening.,362741.8487569441,374040.55965450895
100.15912508555203,5.819982154319738,89.77977703801609,4.6904657226913145,109.54005653093466,12.85568073835671,94.47024276070741,High Sedimentation,High (Every Year),Increase depth by dredging and use sediment for shore strengthening.,437055.0787351421,468012.81202529866
3.755536444677597,9.249933234016778,8.943140820502578,3.6896032763302267,11.134742997338051,14.784338148512118,12.632744096832804,High Sedimentation,High (Every Year),Increase depth by dredging and use sediment for shore strengthening.,400932.9450020074,416001.10657843575
407.91525279896223,35.73530480373606,52.92662756745521,1.1532078550947082,410.22166850915164,37.465116586378116,54.07983542254992,High Erosion,Moderate (Every 2-3 Years),Strengthen shores to prevent erosion.,67828.47140676071,68288.56271668617
353.72181457996095,8.203489180710305,41.62928587197649,0.2527973618002949,354.22740930356156,8.582685223410747,41.88208323377679,High Erosion,Moderate (Every 2-3 Years),Strengthen shores to prevent erosion.,266228.126266023,266232.97288486874
364.77457685245264,19.35390336321926,98.25548307395204,1.3850938170691431,367.5447644865909,21.431544088822974,99.64057689102118,Stable,Low (Every 5 Years),Regular maintenance of inlets and outlets required.,97218.5802881787,98015.7647526729
385.8639029962869,43.019388993625455,12.091851314637182,3.015881860431249,391.8956667171494,47.54321178427233,15.107733175068432,Stable,Low (Every 5 Years),Regular maintenance of inlets and outlets required.,158920.25713813736,167149.58243983667
37.94828121531109,6.047237108112164,40.38770430552842,0.3519864860728268,38.65225418745675,6.5752168372214035,40.73969079160125,High Erosion,Moderate (Every 2-3 Years),Strengthen shores to prevent erosion.,493998.1669702159,494011.2497256871
179.87439854359204,41.65108171650211,96.97757289426151,2.5321946112860583,184.93878776616415,45.4493736334312,99.50976750554757,Stable,Low (Every 5 Years),Regular maintenance of inlets and outlets required.,114122.99430568094,118993.93111425244
58.818660703039725,17.683464864802996,86.68520546350405,3.0245299596927575,64.86772062242524,22.220259804342135,89.7097354231968,Stable,Low (Every 5 Years),Regular maintenance of inlets and outlets required.,274499.66905311024,282799.99079575465
431.6886095119212,10.317417242974532,81.89013502397871,1.7377950650031082,435.1641996419274,12.924109840479193,83.62793008898183,Stable,Low (Every 5 Years),Regular maintenance of inlets and outlets required.,328170.0804431536,329744.48715834296
312.0257652869514,36.353172441386775,26.532379877449042,3.877469798354528,319.78070488366046,42.16937713891856,30.40984967580357,High Sedimentation,High (Every Year),Increase depth by dredging and use sediment for shore strengthening.,366109.2367448468,383598.29909460683
166.11811440147196,33.302428105094776,17.917871151616517,0.6223314403554818,167.36277728218292,34.235925265628,18.540202591971997,High Erosion,Moderate (Every 2-3 Years),Strengthen shores to prevent erosion.,301841.9075691113,301914.21559109126
32.7156167927258,44.48624060871738,67.19567877251866,0.468175130505463,33.651967053736726,45.188503304475574,67.66385390302412,High Erosion,Moderate (Every 2-3 Years),Strengthen shores to prevent erosion.,54396.881338632644,54427.6668431582
156.18017853611545,38.07819697117486,93.008222923631,3.6681249053976566,163.51642834691077,43.58038432927135,96.67634782902866,High Sedimentation,High (Every Year),Increase depth by dredging and use sediment for shore strengthening.,196907.58870979634,211714.12930557918
163.26647769134678,41.156641867318186,56.11952640837905,2.527907449410373,168.32229259016754,44.948503041433746,58.64743385778942,Stable,Low (Every 5 Years),Regular maintenance of inlets and outlets required.,282970.2395231201,287816.4778044637
365.07348299069395,17.69155576570879,57.58965625752008,3.4731717424959068,372.01982647568576,22.901313379452652,61.06282800001599,High Sedimentation,High (Every Year),Increase depth by dredging and use sediment for shore strengthening.,89539.92461517501,102108.90451276964
319.14117820625137,12.984779470087528,28.717930272368132,2.230653959158357,323.6024861245681,16.330760408825064,30.94858423152649,Stable,Low (Every 5 Years),Regular maintenance of inlets and outlets required.,207782.11904413134,211111.91686868278
443.71915854558694,38.77766382383862,77.17980038600176,1.3073699628716235,446.3338984713302,40.73871876814606,78.48717034887338,High Erosion,Moderate (Every 2-3 Years),Strengthen shores to prevent erosion.,64941.39895611495,65611.77233986823
236.6352476558127,41.30756326702688,19.517331107194813,4.113601356603579,244.86245036901985,47.477965301932244,23.63093246379839,High Sedimentation,High (Every Year),Increase depth by dredging and use sediment for shore strengthening.,85360.32371975933,106243.0820372439
60.677528723212546,49.5727313900303,33.04424440402013,4.017137806947998,68.71180433710855,55.5984381004523,37.06138221096813,High Sedimentation,High (Every Year),Increase depth by dredging and use sediment for shore strengthening.,228615.47429071824,248063.31755674153
356.9091488242745,23.567795461014192,43.11820742302526,3.5040127071866913,363.9171742386479,28.82381452179423,46.62222013021195,High Sedimentation,High (Every Year),Increase depth by dredging and use sediment for shore strengthening.,109722.08931937715,122628.88015622372
380.6317392598318,21.740813860675242,51.253427489761044,1.4335111724268175,383.49876160468546,23.891080619315467,52.68693866218786,Stable,Low (Every 5 Years),Regular maintenance of inlets and outlets required.,305393.3817177012,306277.12169409636
281.07732158717863,39.938583233389856,24.998563509092943,2.992130267658527,287.0615821224957,44.42677863487765,27.99069377675147,Stable,Low (Every 5 Years),Regular maintenance of inlets and outlets required.,360259.23611176957,368295.6583518408
385.71262279732593,20.336159311385803,12.36884564918115,1.8687720950061315,389.4501669873382,23.139317453895,14.23761774418728,Stable,Low (Every 5 Years),Regular maintenance of inlets and outlets required.,410264.0145990873,412221.91356120055
247.404002585831,46.88407965216041,61.45138420172162,0.5487521593005074,248.501506904432,47.70720789111117,62.00013636102213,High Erosion,Moderate (Every 2-3 Years),Strengthen shores to prevent erosion.,140067.60991016455,140117.18345571888
261.84368186161504,43.62857383293553,29.57442477078532,4.59483651976499,271.033354901145,50.52082861258302,34.16926129055031,High Sedimentation,High (Every Year),Increase depth by dredging and use sediment for shore strengthening.,125367.1620165814,154469.73903641241
214.34296816091626,24.304731231875827,58.54258392083862,0.7704112915029109,215.88379074392208,25.460348169130192,59.31299521234153,High Erosion,Moderate (Every 2-3 Years),Strengthen shores to prevent erosion.,97055.52815048012,97192.70763698823
13.684144245303498,38.78919805061738,16.28190881214603,4.756163033721932,23.196470312747362,45.92344260120028,21.03807184586796,High Sedimentation,High (Every Year),Increase depth by dredging and use sediment for shore strengthening.,336393.6122946365,368670.485345639
54.83782206965892,38.95442933381071,48.63287008362693,2.2854282874939833,59.40867864464688,42.38257176505168,50.91829837112092,Stable,Low (Every 5 Years),Regular maintenance of inlets and outlets required.,367914.07691910554,371495.23960068694
16.68316365768039,9.640574097616968,53.726353822607,1.0071513513092363,18.69746636029886,11.151301124580822,54.73350517391624,High Erosion,Moderate (Every 2-3 Years),Strengthen shores to prevent erosion.,64213.765171538915,64520.24752508017
318.56879522062644,45.6148808005805,6.130530145420264,2.755314642153955,324.07942450493437,49.74785276381144,8.885844787574218,Stable,Low (Every 5 Years),Regular maintenance of inlets and outlets required.,471295.5108096604,477570.81604527263
157.863634557087,27.736356760153573,34.32382354119814,4.3774345957944005,166.6185037486758,34.30250865384517,38.701258136992536,High Sedimentation,High (Every Year),Increase depth by dredging and use sediment for shore strengthening.,73387.07764316259,98551.11101517935
254.77677489118668,42.190585974848375,14.30705301695845,3.68790194340685,262.15257877800036,47.72243888995865,17.994954960365302,High Sedimentation,High (Every Year),Increase depth by dredging and use sediment for shore strengthening.,293583.3508854817,308630.6775876864
453.8756704891204,19.402232046377527,7.274122076804007,4.052149624521104,461.9799697381626,25.480456483159184,11.326271701325112,High Sedimentation,High (Every Year),Increase depth by dredging and use sediment for shore strengthening.,369077.2337529124,389038.0213936069
125.3968223452886,45.29854528232902,99.00606300660458,3.3280384968825154,132.05289933905362,50.29060302765279,102.33410150348709,Stable,Low (Every 5 Years),Regular maintenance of inlets and outlets required.,441936.1056857385,452994.3524936878
205.78107859477925,22.51407554303734,32.913030652497575,3.4921551661374775,212.7653889270542,27.752308292243555,36.405185818635054,High Sedimentation,High (Every Year),Increase depth by dredging and use sediment for shore strengthening.,371339.1194595925,384115.3238768913
378.0200181329813,5.487694316613426,81.17757013960885,4.261058692670065,386.54213551832146,11.879282355618523,85.43862883227891,High Sedimentation,High (Every Year),Increase depth by dredging and use sediment for shore strengthening.,410777.6373814063,433987.5659370146
115.1702845803196,45.74218893886687,26.20942482161262,1.3233732434100114,117.81703106713962,47.72724880398189,27.532798065022632,High Erosion,Moderate (Every 2-3 Years),Strengthen shores to prevent erosion.,202752.58664426272,203447.88035914363
39.412975004567706,9.10790045537601,68.468769500169,2.4981823218513886,44.40933964827048,12.855173938153094,70.96695182202039,Stable,Low (Every 5 Years),Regular maintenance of inlets and outlets required.,416671.3011859305,421348.58417843905
145.58597500397025,19.36911369156867,76.26255812907897,1.1839262649160511,147.95382753380235,21.145003088942747,77.44648439399502,High Erosion,Moderate (Every 2-3 Years),Strengthen shores to prevent erosion.,86051.68087310382,86549.52710072436
81.44942233974821,47.75278851728622,59.96823532017658,4.93957323918357,91.32856881811534,55.16214837606157,64.90780855936015,High Sedimentation,High (Every Year),Increase depth by dredging and use sediment for shore strengthening.,452667.4952272374,488824.25818670704
464.919128518944,47.77732161219002,47.68604266646568,4.725890764464405,474.37091004787277,54.86615775888663,52.411933430930084,High Sedimentation,High (Every Year),Increase depth by dredging and use sediment for shore strengthening.,296416.56926918135,328081.0442671437
404.25206940264405,30.804704965547874,41.77225050057959,0.29319137570567894,404.8384521540554,31.244492029106393,42.06544187628527,High Erosion,Moderate (Every 2-3 Years),Strengthen shores to prevent erosion.,417783.9964831222,417791.5574063539
317.06847449870133,33.43267454764097,35.53795838775653,3.5573183453268737,324.1831111893551,38.76865206563128,39.09527673308341,High Sedimentation,High (Every Year),Increase depth by dredging and use sediment for shore strengthening.,253543.22803323506,267048.06827148574
435.8588345036711,25.18004848902439,93.02338528053475,4.633716755336763,445.12626801434465,32.13062362202953,97.65710203587152,High Sedimentation,High (Every Year),Increase depth by dredging and use sediment for shore strengthening.,339609.96283843624,369457.58265913435
402.0323663726581,18.194484726412902,83.23132137098519,0.9848191911239343,404.00200475490595,19.671713513098805,84.21614056210912,High Erosion,Moderate (Every 2-3 Years),Strengthen shores to prevent erosion.,286881.197421251,287167.7410549679
94.09845938413189,19.789904541646216,96.53766415598474,2.8829316297078846,99.86432264354765,24.11430198620804,99.42059578569263,Stable,Low (Every 5 Years),Regular maintenance of inlets and outlets required.,379215.28478989936,386403.55317278375
446.3869402464989,35.26333052346673,13.305425125068927,4.585892658181405,455.5587255628617,42.14216951073884,17.891317783250333,High Sedimentation,High (Every Year),Increase depth by dredging and use sediment for shore strengthening.,86733.49191376532,115666.45478465708
270.1317787159097,38.8568538246956,73.35588004516079,0.2663352950704143,270.6644493060505,39.25635676730122,73.62221534023121,High Erosion,Moderate (Every 2-3 Years),Strengthen shores to prevent erosion.,77158.4377957537,77164.10550320323
403.9126374268672,40.621056967663186,93.89570522528274,3.517359309509516,410.94735604588624,45.89709593192746,97.41306453479226,High Sedimentation,High (Every Year),Increase depth by dredging and use sediment for shore strengthening.,161196.4553045659,174251.29249997786
448.1495586618231,40.53281642575492,18.942073550400355,1.5570101361254989,451.26357893407413,42.86833162994317,20.499083686525854,Stable,Low (Every 5 Years),Regular maintenance of inlets and outlets required.,121795.10605093476,122927.49487422164
159.68373401096008,9.104274637191066,7.583130469310972,4.629541357344999,168.9428167256501,16.048586673208565,12.21267182665597,High Sedimentation,High (Every Year),Increase depth by dredging and use sediment for shore strengthening.,442302.60496649076,472069.6112539453
55.915910339310706,27.248913711616165,74.37094427971584,4.858185401310302,65.63228114193132,34.53619181358162,79.22912968102615,High Sedimentation,High (Every Year),Increase depth by dredging and use sediment for shore strengthening.,148646.29431111994,183045.11142620642
114.7396461084289,7.590144200748993,57.87283820481128,4.726905796655826,124.19345770174056,14.680502895732733,62.59974400146711,High Sedimentation,High (Every Year),Increase depth by dredging and use sediment for shore strengthening.,489139.3651186091,520824.2472948425
214.1267865245019,29.7287997045681,84.34104889906894,2.423649661621573,218.97408584774504,33.36427419700046,86.7646985606905,Stable,Low (Every 5 Years),Regular maintenance of inlets and outlets required.,201603.10629699807,205874.1182130959
409.18936819532405,24.868872561801965,14.83746528600266,4.324008989847636,417.83738617501933,31.35488604657342,19.161474275850296,High Sedimentation,High (Every Year),Increase depth by dredging and use sediment for shore strengthening.,131953.0620599147,156206.93060209817
430.50456104491536,44.94668822412349,79.73146387412913,4.238292052821845,438.98114515055903,51.304126303356256,83.96975592695098,High Sedimentation,High (Every Year),Increase depth by dredging and use sediment for shore strengthening.,405364.32821411564,428204.21223214077
4.469113135064161,20.79117556484354,20.96110468472671,1.6635923188919528,7.7962977728480665,23.28656404318147,22.624697003618664,Stable,Low (Every 5 Years),Regular maintenance of inlets and outlets required.,346418.49897539424,347799.71616355045
255.8629039862053,10.268015739242264,17.201938343704747,4.161685823338319,264.186275632882,16.51054447424974,21.363624167043064,High Sedimentation,High (Every Year),Increase depth by dredging and use sediment for shore strengthening.,274188.07240391255,295811.72861172643
209.28809057124073,11.434625692377614,17.262313995168302,0.28133741010591384,209.85076539145257,11.856631807536484,17.543651405274215,High Erosion,Moderate (Every 2-3 Years),Strengthen shores to prevent erosion.,299913.5979219341,299920.2783410526
111.83179742489439,39.26797842728625,81.64289730290683,3.0217224045620603,117.87524223401851,43.80056203412934,84.66461970746889,Stable,Low (Every 5 Years),Regular maintenance of inlets and outlets required.,373640.80022251874,381918.0288041921
60.81281829950772,32.81981284923175,66.85452484892382,1.2270433027097452,63.26690490492721,34.66037780329637,68.08156815163356,High Erosion,Moderate (Every 2-3 Years),Strengthen shores to prevent erosion.,152804.63359908442,153358.8775001919
169.46997053041034,9.550520425525562,52.783477052142814,0.6907777403086662,170.85152601102766,10.586687035988561,53.47425479245148,High Erosion,Moderate (Every 2-3 Years),Strengthen shores to prevent erosion.,498350.2622255339,498449.1485552504
471.51194225234707,8.784806275174883,36.52421792822675,0.4770706879831249,472.4660836283133,9.50041230714957,37.00128861620987,High Erosion,Moderate (Every 2-3 Years),Strengthen shores to prevent erosion.,488656.9229660524,488689.49684330716
162.27826307835687,36.543610915660395,87.84285354049771,3.5118150018028853,169.30189308196265,41.811333418364725,91.3546685423006,High Sedimentation,High (Every Year),Increase depth by dredging and use sediment for shore strengthening.,342646.5588561216,355639.7594677333
259.8765202499397,8.274335286388709,39.852065634840905,1.7653873224635244,263.4072948948667,10.922416270083996,41.61745295730443,Stable,Low (Every 5 Years),Regular maintenance of inlets and outlets required.,139794.10291811533,141444.70073089673
351.80646048869374,41.98370266806603,81.84334450768613,3.6513571804909315,359.1091748496756,47.46073843880243,85.49470168817706,High Sedimentation,High (Every Year),Increase depth by dredging and use sediment for shore strengthening.,356102.7090940811,370707.1255789816
182.4511715872677,36.780900222042334,44.474355948451624,0.4202460699148176,183.29166372709733,37.411269326914564,44.89460201836644,High Erosion,Moderate (Every 2-3 Years),Strengthen shores to prevent erosion.,82489.28404062914,82511.54952958133
485.91925927775935,8.66069512888549,38.31749851306585,1.644922655369991,489.2091045884993,11.128079111940476,39.96242116843584,Stable,Low (Every 5 Years),Regular maintenance of inlets and outlets required.,63793.62599261273,65128.86097211704
481.2612001761135,8.817697133833637,46.805298781291036,2.743507332639153,486.7482148413918,12.932958132792365,49.54880611393019,Stable,Low (Every 5 Years),Regular maintenance of inlets and outlets required.,165957.29983004616,172152.27586366783
126.63936561685671,49.3987810325529,30.836409542250067,3.974543507710922,134.58845263227855,55.360596294119276,34.810953049960986,High Sedimentation,High (Every Year),Increase depth by dredging and use sediment for shore strengthening.,258180.33053269234,277016.08501353423
249.12700444030034,21.842185809025416,75.01332863744886,1.6618872643671427,252.45077896903462,24.33501670557613,76.675215901816,Stable,Low (Every 5 Years),Regular maintenance of inlets and outlets required.,440722.6274337712,442099.60204818845
151.13827659856807,21.678896618010093,50.769318619155435,3.166867744541345,157.47201208765077,26.42919823482211,53.93618636369678,Stable,Low (Every 5 Years),Regular maintenance of inlets and outlets required.,377226.08139483863,386754.28512678103
143.13540669435633,41.575980526587614,23.989056819534913,4.441290966357317,152.01798862707096,48.237916976123586,28.43034778589223,High Sedimentation,High (Every Year),Increase depth by dredging and use sediment for shore strengthening.,384217.9345399915,410499.3610352905
19.406586729911865,47.62618598227364,90.05788275418227,3.1177296220932926,25.64204597409845,52.30278041541358,93.17561237627557,Stable,Low (Every 5 Years),Regular maintenance of inlets and outlets required.,241472.0005016339,250563.52268225877
305.17260265596855,49.37004787202919,39.00523091594793,1.2415014262928057,307.6556055085542,51.232300011468396,40.24673234224073,High Erosion,Moderate (Every 2-3 Years),Strengthen shores to prevent erosion.,205670.7466461333,206244.81409668725
251.83683259120187,38.902018336652375,54.811733250284874,0.2195638296270363,252.27596025045594,39.23136408109293,55.03129707991191,High Erosion,Moderate (Every 2-3 Years),Strengthen shores to prevent erosion.,216967.4433430712,216970.6187811333
26.687896873744688,21.93168134889121,90.74073898549015,4.363484482114556,35.4148658379738,28.476908072063043,95.10422346760471,High Sedimentation,High (Every Year),Increase depth by dredging and use sediment for shore strengthening.,494442.30368122604,519366.5228877022
140.0445856540691,8.757532251440095,62.799561595485216,0.20422011316689698,140.4530258804029,9.063862421190441,63.00378170865211,High Erosion,Moderate (Every 2-3 Years),Strengthen shores to prevent erosion.,68049.13613561713,68051.69128792231
454.2246770973602,39.97161121673466,12.572906030128044,4.386038196152577,462.99675348966537,46.550668510963526,16.95894422628062,High Sedimentation,High (Every Year),Increase depth by dredging and use sediment for shore strengthening.,440164.17325510184,465476.8738989718
120.54138344281924,30.128191238111228,94.04338023773404,2.691791956733339,125.92496735628592,34.16587917321124,96.73517219446738,Stable,Low (Every 5 Years),Regular maintenance of inlets and outlets required.,310403.93385757704,316255.1444337043
73.30254117352032,24.08999041611393,63.14309725407037,4.701431722713191,82.7054046189467,31.142138000183717,67.84452897678356,High Sedimentation,High (Every Year),Increase depth by dredging and use sediment for shore strengthening.,247376.93863531572,278552.31138623774
245.23692737850394,45.78594732926312,34.15565585105153,4.014037855290961,253.26500308908587,51.80700411219956,38.169693706342485,High Sedimentation,High (Every Year),Increase depth by dredging and use sediment for shore strengthening.,376365.9471868114,395768.8025538692
492.8395766011898,10.00388670377681,14.787935193675338,4.989877141613354,502.8193308844165,17.48870241619684,19.777812335288694,High Sedimentation,High (Every Year),Increase depth by dredging and use sediment for shore strengthening.,269001.0236411163,306273.72014140175
121.78558048423871,27.168129693088662,79.6084937377593,1.8184878957133799,125.42255627566547,29.89586153665873,81.42698163347268,Stable,Low (Every 5 Years),Regular maintenance of inlets and outlets required.,443040.45713674725,444844.5234561154
336.3956381555334,5.510914014533858,62.38720283692284,3.8592226157625222,344.11408338705843,11.299747938177642,66.24642545268536,High Sedimentation,High (Every Year),Increase depth by dredging and use sediment for shore strengthening.,455315.8388050663,472559.1532615885
381.04818804903005,26.08972888973568,53.81264810565583,2.069461476685287,385.1871110024006,29.19392110476361,55.882109582341116,Stable,Low (Every 5 Years),Regular maintenance of inlets and outlets required.,239774.41709305494,242433.26376659572
119.58113445220744,7.5336474056826805,89.49536572204481,2.4513905394891538,124.48391553118574,11.210733214916411,91.94675626153396,Stable,Low (Every 5 Years),Regular maintenance of inlets and outlets required.,174572.5087557732,178991.86256212325
364.3799579573179,10.346806232063237,79.07112391122854,3.1747767697700136,370.7295114968579,15.108971386718258,82.24590068099856,Stable,Low (Every 5 Years),Regular maintenance of inlets and outlets required.,316557.647867013,326157.4180516904
184.52378322690737,10.288681104969719,16.015813093542366,4.38101785951306,193.2858189459335,16.86020789423931,20.396830953055428,High Sedimentation,High (Every Year),Increase depth by dredging and use sediment for shore strengthening.,460563.50552751095,485789.38553352724
316.52060946619616,34.21446359522286,31.860484711759273,4.922008999076546,326.36462746434927,41.59747709383768,36.78249371083582,High Sedimentation,High (Every Year),Increase depth by dredging and use sediment for shore strengthening.,144797.98505254998,180570.4168984547
317.1313256696865,38.57201956694405,25.60042484163211,3.8645397279361395,324.86040512555877,44.36882915884826,29.46496456956825,High Sedimentation,High (Every Year),Increase depth by dredging and use sediment for shore strengthening.,330334.9626035672,347649.6471450735
268.35156735330446,31.251594429372183,74.65068296469502,2.1470572326199355,272.64568181854435,34.47218027830208,76.79774019731495,Stable,Low (Every 5 Years),Regular maintenance of inlets and outlets required.,334202.09904163424,337171.38564286364
46.05459525714974,48.29776468135439,4.319711038842159,2.164649311157644,50.38389387946503,51.544738648090856,6.484360349999802,Stable,Low (Every 5 Years),Regular maintenance of inlets and outlets required.,379900.86008687643,382943.73358223704
417.81594529902975,21.86917607856668,57.41907880226034,3.714153277785569,425.24425185460086,27.440405995245037,61.13323208004591,High Sedimentation,High (Every Year),Increase depth by dredging and use sediment for shore strengthening.,109205.4583072669,124576.40874325417
161.0692524208962,17.857043882683733,76.48340988832837,1.2700080142646817,163.60926844942554,19.762055904080757,77.75341790259304,High Erosion,Moderate (Every 2-3 Years),Strengthen shores to prevent erosion.,372121.23410693987,372735.76064060006
94.07273668952726,44.086960768525714,87.79979803941319,0.6413231543438338,95.35538299821494,45.04894550004146,88.44112119375703,High Erosion,Moderate (Every 2-3 Years),Strengthen shores to prevent erosion.,459064.63429953845,459143.76627627545
21.346795635827196,15.061812733375369,34.86609312287484,1.8376485724398053,25.022092780706807,17.81828559203508,36.70374169531464,Stable,Low (Every 5 Years),Regular maintenance of inlets and outlets required.,130857.39899160889,132719.09445024977
295.85557865093267,48.345014274827506,82.30447316252928,1.5074710591050007,298.8705207691427,50.60622086348501,83.81194422163428,Stable,Low (Every 5 Years),Regular maintenance of inlets and outlets required.,156894.49621574493,157922.20058811316
339.1046165592989,5.546951361041735,11.952541958565515,1.5519097902343517,342.2084361397676,7.874816046393263,13.504451748799866,Stable,Low (Every 5 Years),Regular maintenance of inlets and outlets required.,487127.79231873783,488249.08935274347
9.27732663500022,48.64454720184376,84.7987768817173,1.2446779801445589,11.766682595289337,50.511564172060595,86.04345486186186,High Erosion,Moderate (Every 2-3 Years),Strengthen shores to prevent erosion.,131439.6287192704,132018.11394800886
256.5344360913412,6.9421960377759255,13.62137757086626,0.30625662921817326,257.14694934977757,7.4015809816031854,13.927634200084434,High Erosion,Moderate (Every 2-3 Years),Strengthen shores to prevent erosion.,434473.2920163106,434481.9094460133
114.02139182377104,45.1014401164132,40.331441765476356,0.1875822801937277,114.3965563841585,45.38281353670379,40.519024045670086,High Erosion,Moderate (Every 2-3 Years),Strengthen shores to prevent erosion.,271525.03540161566,271527.01554521755
322.94122241431546,28.746549908883495,79.93224121217581,4.939839709706555,332.82090183372856,36.15630947344333,84.87208092188237,High Sedimentation,High (Every Year),Increase depth by dredging and use sediment for shore strengthening.,161253.98348142966,197416.5983014748
88.00884807349073,49.68341582536851,15.841825307528604,2.1960883553057258,92.40102478410218,52.9775483583271,18.037913662834328,Stable,Low (Every 5 Years),Regular maintenance of inlets and outlets required.,441837.4555726301,445014.8467262954
345.7779313131305,8.320845413092949,23.695888128031505,1.9832005710824405,349.7443324552954,11.29564626971661,25.679088699113947,Stable,Low (Every 5 Years),Regular maintenance of inlets and outlets required.,250387.36475119946,252727.39338221325
193.98093780396817,29.923442798059437,72.50300427091356,3.4302716851960424,200.84148117436027,35.068850325853504,75.93327595610961,High Sedimentation,High (Every Year),Increase depth by dredging and use sediment for shore strengthening.,281667.8092683606,293776.76831047353
468.42826437963055,48.61861410285945,72.28361711806136,1.1694440505388146,470.7671524807082,50.372780178667675,73.45306116860017,High Erosion,Moderate (Every 2-3 Years),Strengthen shores to prevent erosion.,211655.01622989457,212134.8155200084
69.62295112885063,28.539402987656697,64.47361565564444,4.754809801356104,79.13257073156284,35.671617689690855,69.22842545700054,High Sedimentation,High (Every Year),Increase depth by dredging and use sediment for shore strengthening.,316827.8831457173,349077.2136065443
171.192109174079,33.32293871608681,69.7008960022429,3.9530905706362054,179.09829031535142,39.25257457204112,73.6539865728791,High Sedimentation,High (Every Year),Increase depth by dredging and use sediment for shore strengthening.,123585.74266326024,142118.13769366598
57.62328709905395,36.308691004307775,54.729719891412024,0.5381139113300717,58.69951492171409,37.11586187130288,55.267833802742096,High Erosion,Moderate (Every 2-3 Years),Strengthen shores to prevent erosion.,225986.6914932923,226033.43743503155
462.4221155210028,25.454347914549796,25.928106831788323,2.146145801346149,466.7144071236951,28.67356661656902,28.07425263313447,Stable,Low (Every 5 Years),Regular maintenance of inlets and outlets required.,486235.54505087936,489201.05184788303
438.79233733710953,33.24011360378286,35.22390335688802,4.407679707054607,447.6076967512187,39.85163316436477,39.63158306394263,High Sedimentation,High (Every Year),Increase depth by dredging and use sediment for shore strengthening.,166160.0447155074,191849.28961959245
129.71287222986265,31.29414403653951,18.978173963341142,4.72918690922791,139.17124604831847,38.38792440038138,23.70736087256905,High Sedimentation,High (Every Year),Increase depth by dredging and use sediment for shore strengthening.,345531.4990435815,377262.2748791122
330.33203897105534,45.552110472094505,90.93660557202921,2.3902674051243618,335.11257378130404,49.13751157978105,93.32687297715357,Stable,Low (Every 5 Years),Regular maintenance of inlets and outlets required.,196335.5289011127,200432.4794552565
408.7938779004067,7.045087115365604,58.75578768184592,3.105715807132468,415.00530951467164,11.703660826064306,61.86150348897839,Stable,Low (Every 5 Years),Regular maintenance of inlets and outlets required.,398062.9065589703,407049.7337814392
278.04520498813173,17.643343531650366,40.684290259600346,0.9184663358511687,279.8821376598341,19.02104303542712,41.60275659545152,High Erosion,Moderate (Every 2-3 Years),Strengthen shores to prevent erosion.,108893.14732325742,109125.58738573329
265.29563859964725,47.76851678344514,46.73857456076914,4.956726268071185,275.2090911357896,55.20360618555192,51.695300828840324,High Sedimentation,High (Every Year),Increase depth by dredging and use sediment for shore strengthening.,486419.4702853451,522954.2137778612
121.68429315932539,45.06187027509124,94.78105062156972,1.2351913367788727,124.15467583288314,46.91465728025955,96.01624195834859,High Erosion,Moderate (Every 2-3 Years),Strengthen shores to prevent erosion.,254205.29362263766,254770.65217430622
47.45828113514371,25.504553875357082,16.18178890849194,4.719385693262116,56.89705252166794,32.58363241525026,20.901174601754054,High Sedimentation,High (Every Year),Increase depth by dredging and use sediment for shore strengthening.,156222.70850590878,187756.6073148124
448.71066321871007,32.90596690106915,59.036753369662925,3.2832685800626056,455.2772003788353,37.83086977116306,62.32002194972553,Stable,Low (Every 5 Years),Regular maintenance of inlets and outlets required.,83073.5362985057,93691.4816695861
450.3086105245019,17.48215323415097,51.08297920956213,3.07791029490641,456.4644311143147,22.099018676510585,54.16088950446854,Stable,Low (Every 5 Years),Regular maintenance of inlets and outlets required.,126391.05728939333,135138.66159105222
316.9176271793607,13.465452187569259,61.53396930803014,2.6121737039808925,322.14197458732247,17.3837127435406,64.14614301201102,Stable,Low (Every 5 Years),Regular maintenance of inlets and outlets required.,283898.27685020794,289245.4889922877
170.17586573330163,25.8664282222992,2.7929081982632105,1.2302820774170178,172.63642988813567,27.711851338424726,4.0231902756802285,High Erosion,Moderate (Every 2-3 Years),Strengthen shores to prevent erosion.,201651.42939407885,202210.07366159878
175.25557773171778,20.900850261172376,87.34026698547099,0.9649873568269905,177.18555244537177,22.348331296412862,88.30525434229799,High Erosion,Moderate (Every 2-3 Years),Strengthen shores to prevent erosion.,422997.5146471743,423267.0936885382
363.25188375624947,31.264525033289242,93.27970996587763,1.1803824244438594,365.61264860513717,33.03509866995503,94.46009239032149,High Erosion,Moderate (Every 2-3 Years),Strengthen shores to prevent erosion.,243899.38564781268,244392.77464216138
448.65801971633596,8.498058663424317,56.94818517533169,1.0135474845068473,450.6851146853497,10.018379890184587,57.96173265983853,High Erosion,Moderate (Every 2-3 Years),Strengthen shores to prevent erosion.,161921.42266443346,162233.78132732102
443.65612570829353,48.847766344977494,69.96843156381233,3.9199639204770915,451.49605354924773,54.72771222569313,73.88839548428942,High Sedimentation,High (Every Year),Increase depth by dredging and use sediment for shore strengthening.,327715.2439718135,345785.6314052633
390.15789738295433,49.37948350158213,92.32743873655227,1.8156137699169776,393.7891249227883,52.1029041564576,94.14305250646925,Stable,Low (Every 5 Years),Regular maintenance of inlets and outlets required.,368049.74759845063,369845.2734329658
321.37379143098957,36.417277130888536,71.01662479702647,0.38342911516064226,322.1406496613109,36.9924208036295,71.4000539121871,High Erosion,Moderate (Every 2-3 Years),Strengthen shores to prevent erosion.,125168.85855542743,125185.76983685055
42.98584253252937,29.12433648548542,16.101365248511875,4.848602887689975,52.68304830790932,36.39724081702038,20.94996813620185,High Sedimentation,High (Every Year),Increase depth by dredging and use sediment for shore strengthening.,125428.64732974295,159624.31613218656
81.65272833321227,18.92874273288475,58.052547656514506,4.430550836320786,90.51383000585383,25.57456898736593,62.48309849283529,High Sedimentation,High (Every Year),Increase depth by dredging and use sediment for shore strengthening.,66502.14212009433,92593.36452682319
449.37854007501255,41.62077588681269,61.06478959190273,4.645986187656543,458.67051245032565,48.5897551682975,65.71077577955927,High Sedimentation,High (Every Year),Increase depth by dredging and use sediment for shore strengthening.,381380.90677953826,411466.2518917176
303.60810077013537,35.812902764924566,42.988936458936216,4.975048330967533,313.5581974320704,43.27547526137587,47.96398478990375,High Sedimentation,High (Every Year),Increase depth by dredging and use sediment for shore strengthening.,348712.0374298123,385653.42185225914
5.589328756698194,12.31776227052011,73.90797932684757,0.9520867211754878,7.4935021990491695,13.745892352283342,74.86006604802306,High Erosion,Moderate (Every 2-3 Years),Strengthen shores to prevent erosion.,263583.89408741624,263842.80525243346
51.63429989015002,45.99172330222291,93.50233446213247,2.041585892623028,55.71747167539608,49.05410214115745,95.5439203547555,Stable,Low (Every 5 Years),Regular maintenance of inlets and outlets required.,429876.7020361387,432429.545720643
332.08738278491984,42.0141759315426,92.63128277777086,3.815368530950048,339.71811984681995,47.737228727967675,96.44665130872092,High Sedimentation,High (Every Year),Increase depth by dredging and use sediment for shore strengthening.,412551.5688275239,429213.7071204898
3.5257303392631245,47.740996098136584,45.633097769009076,3.5105010284635823,10.54673239619029,53.00674764083196,49.143598797472656,High Sedimentation,High (Every Year),Increase depth by dredging and use sediment for shore strengthening.,313409.46397853846,326388.0855202752
81.24321765733183,37.6573778774762,12.21056653823477,0.8540899410652898,82.9513975394624,38.93851278907414,13.06465647930006,High Erosion,Moderate (Every 2-3 Years),Strengthen shores to prevent erosion.,440722.07623096637,440908.98603229626
274.81816089392646,32.60368381711054,98.49927869727112,4.097582312454027,283.0133255188345,38.750057285791584,102.59686100972515,High Sedimentation,High (Every Year),Increase depth by dredging and use sediment for shore strengthening.,142628.54451654572,163268.2888862593
346.25570364865393,23.82093663307785,84.05091055814748,1.1997588019996375,348.65522125265323,25.620574836077306,85.25066936014711,High Erosion,Moderate (Every 2-3 Years),Strengthen shores to prevent erosion.,100363.82872897755,100881.91619919546
326.32866849179766,46.972781750930594,13.341605439123418,1.1967063126308533,328.72208111705936,48.76784121987687,14.538311751754271,High Erosion,Moderate (Every 2-3 Years),Strengthen shores to prevent erosion.,171387.32518264535,171901.46826934218
112.91038542081934,43.97287502751838,92.16334637911986,2.7311746721777266,118.3727347651748,48.069637035784964,94.89452105129759,Stable,Low (Every 5 Years),Regular maintenance of inlets and outlets required.,75689.08524019168,81800.89297382705
356.3774314524204,7.034840154778523,87.1197398441507,3.005405680724346,362.3882428138691,11.542948675865041,90.12514552487505,Stable,Low (Every 5 Years),Regular maintenance of inlets and outlets required.,289026.2876004644,297170.1525594572
119.38729466090324,6.18651385237634,52.36496765548114,2.942422418405275,125.27213949771378,10.600147479984251,55.30739007388641,Stable,Low (Every 5 Years),Regular maintenance of inlets and outlets required.,471472.5615327327,479115.0768381737
163.3744493814746,21.940851509512232,59.53626813874799,0.5482855032489989,164.4710203879726,22.76327976438573,60.08455364199699,High Erosion,Moderate (Every 2-3 Years),Strengthen shores to prevent erosion.,67704.59330082934,67754.040482629
373.49921115389407,41.47489988518248,40.5012676831429,4.399558226888864,382.2983276076718,48.07423722551577,44.90082591003176,High Sedimentation,High (Every Year),Increase depth by dredging and use sediment for shore strengthening.,104949.46130451205,130496.96462264517
325.1668166245601,49.4274258191725,6.421402243381102,1.4014402086846598,327.9696970419294,51.52958613219949,7.822842452065762,Stable,Low (Every 5 Years),Regular maintenance of inlets and outlets required.,253489.56272754588,254315.30587005513
424.7624818365948,11.768760099658769,34.184526922944194,0.7346231142857405,426.2317280651663,12.87069477108738,34.91915003722993,High Erosion,Moderate (Every 2-3 Years),Strengthen shores to prevent erosion.,470243.7578875572,470362.694351226
329.14883325787133,31.73588219084608,80.48249141120313,4.454865591357988,338.0585644405873,38.418180577883064,84.93735700256111,High Sedimentation,High (Every Year),Increase depth by dredging and use sediment for shore strengthening.,192270.24723953774,218793.39537396096
284.5859930644003,22.14008854839597,1.458570277455683,4.782692341325792,294.1513777470519,29.314127060384656,6.241262618781475,High Sedimentation,High (Every Year),Increase depth by dredging and use sediment for shore strengthening.,278255.6639097766,311075.66482194007
47.743709146218144,48.646147901657145,34.016417997423275,4.324425324600708,56.39255979541956,55.1327858885582,38.340843322023986,High Sedimentation,High (Every Year),Increase depth by dredging and use sediment for shore strengthening.,68707.78657267644,92968.66159936039
184.49018572665733,42.89535154110689,40.41870066550339,4.0666287661519025,192.62344325896115,48.995294690334745,44.48532943165529,High Sedimentation,High (Every Year),Increase depth by dredging and use sediment for shore strengthening.,116754.44043293998,136929.96521582454
133.335981473181,42.724791712001206,54.20216469085437,3.3106857051312066,139.9573528834434,47.690820269698015,57.51285039598557,Stable,Low (Every 5 Years),Regular maintenance of inlets and outlets required.,493983.5553314811,504869.72542086756
122.7508320461627,26.09119219077366,92.06570602486329,2.7992011159847827,128.34923427813226,30.289993864750834,94.86490714084808,Stable,Low (Every 5 Years),Regular maintenance of inlets and outlets required.,484303.4133962205,490883.37807875965
486.53226682147033,23.666877605194934,35.288253442230165,0.5262351235659097,487.5847370686021,24.456230290543797,35.814488565796076,High Erosion,Moderate (Every 2-3 Years),Strengthen shores to prevent erosion.,52222.99142048433,52266.70946720219
197.15576460871344,17.30331823688178,35.34836698772654,2.101420744046424,201.35860609680628,20.455449352951415,37.449787731772965,Stable,Low (Every 5 Years),Regular maintenance of inlets and outlets required.,478315.30344045756,481099.24618942896
446.13123103337955,7.536897349291721,74.01262356286509,1.9261737333603388,449.98357850010024,10.426157949332229,75.93879729622543,Stable,Low (Every 5 Years),Regular maintenance of inlets and outlets required.,337603.97201697517,339747.88731585396
315.9381743726342,43.912506931477395,45.769576148090906,1.3727935404255986,318.6837614534854,45.971697242115795,47.1423696885165,Stable,Low (Every 5 Years),Regular maintenance of inlets and outlets required.,440563.23253400996,441339.36693914176
397.61084046728257,41.58054541085349,23.235877471058213,3.6447585570740664,404.9003575814307,47.04768324646459,26.88063602813228,High Sedimentation,High (Every Year),Increase depth by dredging and use sediment for shore strengthening.,254632.9350352366,269158.316528893
251.81590945949085,49.987295297875875,45.791512097136646,2.5297911018859773,256.87549166326284,53.78198195070484,48.32130319902262,Stable,Low (Every 5 Years),Regular maintenance of inlets and outlets required.,282018.2128606626,286875.29263768037
288.8750384285532,49.84865766832574,14.944845017600185,0.4971264579474749,289.86929134444813,50.59434735524695,15.44197147554766,High Erosion,Moderate (Every 2-3 Years),Strengthen shores to prevent erosion.,269980.96111561405,270017.81827729376
246.7663292156131,29.994426752118237,18.462311664116108,1.1788976895540757,249.12412459472125,31.76277328644935,19.641209353670185,High Erosion,Moderate (Every 2-3 Years),Strengthen shores to prevent erosion.,350088.91589574696,350580.4454144105
98.4262509112242,39.60443368312297,50.338409501208496,3.44796794193202,105.32218679508824,44.776385596021,53.786377443140516,High Sedimentation,High (Every Year),Increase depth by dredging and use sediment for shore strengthening.,112843.0646403408,125140.3970451371
361.50360551549113,47.51445784470926,42.47361950095024,0.4730412115024709,362.4496879384961,48.22401966196297,42.94666071245271,High Erosion,Moderate (Every 2-3 Years),Strengthen shores to prevent erosion.,63488.11544270508,63519.870886715515
141.10540885798704,43.23413258048352,91.5697442057419,4.270913878838966,149.64723661566498,49.64050339874197,95.84065808458087,High Sedimentation,High (Every Year),Increase depth by dredging and use sediment for shore strengthening.,188568.47371603592,211939.81822117534
13.133667249295465,16.130664578443895,36.87699601254668,2.5262179823684745,18.186103214032414,19.919991551996606,39.40321399491515,Stable,Low (Every 5 Years),Regular maintenance of inlets and outlets required.,367106.343231491,371942.8713996979
323.09067565767674,25.27448608895421,58.4782466775263,2.4548742289005756,328.00042411547787,28.956797432305073,60.93312090642688,Stable,Low (Every 5 Years),Regular maintenance of inlets and outlets required.,140834.05345532676,145272.27517977238
89.37822902411742,10.812173681817274,63.59416450403351,3.0027981448316363,95.38382531378069,15.31637089906473,66.59696264886514,Stable,Low (Every 5 Years),Regular maintenance of inlets and outlets required.,353044.5949962128,361167.2811158807
470.28883359210425,47.93229622664251,2.29635120224503,4.1409367330332305,478.57070705817074,54.14370132619235,6.437287935278261,High Sedimentation,High (Every Year),Increase depth by dredging and use sediment for shore strengthening.,486460.4207482717,507762.2569245137
477.0103599242911,32.2778585502896,66.69019982965435,1.8042651187207461,480.61889016173257,34.98425622837072,68.4944649483751,Stable,Low (Every 5 Years),Regular maintenance of inlets and outlets required.,92255.32210523827,94017.38868450938
457.5173307200038,15.288926247655823,18.62556072010539,3.422279147539412,464.3618890150826,20.422344968964943,22.047839867644804,High Sedimentation,High (Every Year),Increase depth by dredging and use sediment for shore strengthening.,352670.9532013068,364695.46763272304
185.70919142746675,35.22653079826355,96.14596142947606,2.8720866235793765,191.4533646746255,39.53466073363262,99.01804805305544,Stable,Low (Every 5 Years),Regular maintenance of inlets and outlets required.,249687.598687057,256795.04941494417
8.712851647904847,32.81577082060531,15.717610047558182,1.4084385238301647,11.529728695565176,34.92842860635056,17.126048571388345,Stable,Low (Every 5 Years),Regular maintenance of inlets and outlets required.,440664.0144698774,441502.1899291251
464.230962731275,21.11732231147782,42.04778824897535,4.405286933140274,473.04153659755553,27.725252711188233,46.453075182115626,High Sedimentation,High (Every Year),Increase depth by dredging and use sediment for shore strengthening.,129717.40525132365,155364.835507275
214.66389001033986,10.110091648983307,9.449617139785742,4.007387505873948,222.67866502208776,16.12117290779423,13.45700464565969,High Sedimentation,High (Every Year),Increase depth by dredging and use sediment for shore strengthening.,361681.67850177403,380988.2551781863
483.3607547027911,35.22079380167598,99.69055093274879,3.3264139898262854,490.01358268244365,40.21041478641541,103.01696492257508,Stable,Low (Every 5 Years),Regular maintenance of inlets and outlets required.,427151.8803416496,438193.94155025005
481.8463685675372,28.413846540670697,50.71730602279302,4.267850472561785,490.38206951266073,34.815622249513375,54.9851564953548,High Sedimentation,High (Every Year),Increase depth by dredging and use sediment for shore strengthening.,475076.39876331046,498397.48850984476
426.6517182782127,39.754327628103766,59.943116714684336,4.349741584703032,435.35120144761873,46.27894000515831,64.29285829938736,High Sedimentation,High (Every Year),Increase depth by dredging and use sediment for shore strengthening.,357461.6127303406,382151.07461466186
147.92999714272327,28.407357550039702,7.640571261454321,3.5709785859036707,155.07195431453061,33.76382542889521,11.211549847357992,High Sedimentation,High (Every Year),Increase depth by dredging and use sediment for shore strengthening.,273728.6438037923,287389.65956247516
193.16376657236071,43.34816751433431,75.2460865695186,4.201365308981993,201.5664971903247,49.65021547780729,79.44745187850059,High Sedimentation,High (Every Year),Increase depth by dredging and use sediment for shore strengthening.,328031.25809054624,350279.3407828872
425.7171990869116,29.83580774485185,21.78065371646299,3.51761016217949,432.7524194112706,35.11222298812108,25.29826387864248,High Sedimentation,High (Every Year),Increase depth by dredging and use sediment for shore strengthening.,441007.2430154232,454064.87356292736
159.14408057298255,30.242208719092382,89.90737465463066,3.4326897816254722,166.00946013623349,35.391243391530594,93.34006443625613,High Sedimentation,High (Every Year),Increase depth by dredging and use sediment for shore strengthening.,306774.38598747336,318908.9709381865
85.57688059636016,44.44941211962553,21.30882440771871,3.1311957532544032,91.83927210286896,49.14620574950713,24.440020160973113,Stable,Low (Every 5 Years),Regular maintenance of inlets and outlets required.,63674.17686357659,72884.01319946116
278.8438299667167,23.156728979557865,19.87808434570299,3.7883115338324425,286.42045303438164,28.83919628030653,23.666395879535433,High Sedimentation,High (Every Year),Increase depth by dredging and use sediment for shore strengthening.,468926.91297814,485237.0764339876
468.1412323062297,11.030685280278833,4.618417116961393,0.8771650159360612,469.89556233810185,12.346432804182925,5.495582132897454,High Erosion,Moderate (Every 2-3 Years),Strengthen shores to prevent erosion.,360287.0379642025,360489.5100522844
348.31886854081154,6.295220434100254,47.73462756588992,4.416266720074749,357.15140198096105,12.91962051421238,52.150894285964675,High Sedimentation,High (Every Year),Increase depth by dredging and use sediment for shore strengthening.,354431.02359976096,380270.70406210655
285.4605238745931,38.98117650531285,56.919272192999024,4.372033285951637,294.20459044649635,45.539226434240305,61.29130547895066,High Sedimentation,High (Every Year),Increase depth by dredging and use sediment for shore strengthening.,147053.8185789727,172124.81725414752
49.4910703916135,32.91392981090591,7.505155303406884,0.24331168686933982,49.97769376535218,33.27889734120992,7.748466990276223,High Erosion,Moderate (Every 2-3 Years),Strengthen shores to prevent erosion.,346498.46160469577,346502.78286236944
307.8886061228857,36.68358956446506,77.77723405280605,4.146502077767337,316.18161027842035,42.903342681116065,81.92373613057339,High Sedimentation,High (Every Year),Increase depth by dredging and use sediment for shore strengthening.,227238.9825443713,248626.82206188777
495.0368712020274,14.583387267900983,45.875594640054736,0.7314623506198815,496.49979590326717,15.680580793830806,46.607056990674614,High Erosion,Moderate (Every 2-3 Years),Strengthen shores to prevent erosion.,343054.8396686714,343172.24753256474
70.9019236030255,11.13671640140464,52.91463666343042,1.7420823858697956,74.38608837476508,13.749839980209332,54.656719049300214,Stable,Low (Every 5 Years),Regular maintenance of inlets and outlets required.,97966.86363859582,99552.95180031245
259.64649652950465,5.654509955054687,44.635511946884584,3.7431904558288784,267.1328774411624,11.269295638798004,48.378702402713465,High Sedimentation,High (Every Year),Increase depth by dredging and use sediment for shore strengthening.,346030.3870713662,361764.672681608
438.80916289204976,20.776440146296864,40.67554302665727,0.8877234906367102,440.5846098733232,22.108025382251927,41.56326651729398,High Erosion,Moderate (Every 2-3 Years),Strengthen shores to prevent erosion.,499736.1765967999,499946.04854367895
370.643540259348,31.54629590845849,56.40439279951357,4.108038418183405,378.85961709571484,37.70835353573359,60.51243121769698,High Sedimentation,High (Every Year),Increase depth by dredging and use sediment for shore strengthening.,71695.4174872502,92493.56930542632
348.8108547566387,22.650982029487956,16.36878434714054,4.177457471992935,357.1657697006246,28.91716823747736,20.546241819133474,High Sedimentation,High (Every Year),Increase depth by dredging and use sediment for shore strengthening.,489728.3828995928,511598.8151542023
351.5395579095675,24.686371491067806,19.01088491903184,2.5865918954280978,356.7127417004237,28.566259334209953,21.597476814459938,Stable,Low (Every 5 Years),Regular maintenance of inlets and outlets required.,233108.58232529176,238300.22737274217
180.38608445865782,45.68714125221868,86.3167764803382,0.13129077141248455,180.64866600148278,45.88407740933741,86.44806725175069,High Erosion,Moderate (Every 2-3 Years),Strengthen shores to prevent erosion.,441839.05265176663,441839.7315799776
147.50233028798218,20.671496016048515,94.66543075122964,1.5064868525570727,150.51530399309632,22.931226294884123,96.17191760378671,Stable,Low (Every 5 Years),Regular maintenance of inlets and outlets required.,402073.46782622306,403099.16059153544
404.8712165837783,28.129527012191485,37.957622311695545,3.122941900041137,411.11710038386053,32.81393986225319,41.08056421173668,Stable,Low (Every 5 Years),Regular maintenance of inlets and outlets required.,305157.3174440005,314294.5140228339
405.2465839449112,40.26438557335144,27.803722641211824,4.907812272334375,415.06220848958,47.62610398185301,32.7115349135462,High Sedimentation,High (Every Year),Increase depth by dredging and use sediment for shore strengthening.,382302.1441630969,417765.92884836084
433.66908697147176,22.844425204457156,64.75595478066256,3.195886282381675,440.0608595362351,27.63825462802967,67.95184106304424,Stable,Low (Every 5 Years),Regular maintenance of inlets and outlets required.,445332.00258560653,455124.53928044875
456.7070357256792,32.993901510254304,41.46468293871154,1.3730375472143832,459.45311082010795,35.05345783107588,42.83772048592592,Stable,Low (Every 5 Years),Regular maintenance of inlets and outlets required.,231863.14474296483,232639.69308301536
256.159857031608,43.80636689360353,3.5132492103741413,3.206627945188096,262.5731129219842,48.61630881138568,6.719877155562237,Stable,Low (Every 5 Years),Regular maintenance of inlets and outlets required.,197164.9227034574,207056.5324510733
251.2566310489126,47.72842806459389,16.459107139252843,2.7459283606076923,256.748487770128,51.84732060550543,19.205035499860536,Stable,Low (Every 5 Years),Regular maintenance of inlets and outlets required.,350417.02350361313,356628.41441891127
399.3492943044208,11.618306641806708,71.88125065589236,3.921242436240604,407.19177917690206,17.500170296167614,75.80249309213296,High Sedimentation,High (Every Year),Increase depth by dredging and use sediment for shore strengthening.,413530.6738735664,431618.74831515417
325.3320014581048,46.69644313226725,66.23347024910498,0.6242051302520962,326.580411718609,47.632750827645395,66.85767537935708,High Erosion,Moderate (Every 2-3 Years),Strengthen shores to prevent erosion.,393028.31064947706,393101.27374582825
351.281471751594,27.14523318857922,3.6825032578448655,3.8290367222599375,358.93954519611384,32.888788271969126,7.5115399801048035,High Sedimentation,High (Every Year),Increase depth by dredging and use sediment for shore strengthening.,409016.1419863855,425857.99408224534
398.10054204861444,16.620997473453127,22.975244031361996,2.752206235512941,403.60495451964033,20.74930682672254,25.727450266874936,Stable,Low (Every 5 Years),Regular maintenance of inlets and outlets required.,246012.49166581986,252266.58240650242
445.1126655669656,25.661109030721757,23.87640486221907,4.818660818909073,454.74998720478374,32.88910025908537,28.695065681128142,High Sedimentation,High (Every Year),Increase depth by dredging and use sediment for shore strengthening.,418025.39727875974,451591.4543061353
169.65958326891638,49.101465887846466,67.51738161627411,1.775173613589562,173.2099304960955,51.76422630823081,69.29255522986367,Stable,Low (Every 5 Years),Regular maintenance of inlets and outlets required.,104094.0749167738,105772.27506961074
188.41589336733207,27.16781422967913,2.9513432376820514,3.199847276356346,194.81558792004478,31.96758514421365,6.151190514038397,Stable,Low (Every 5 Years),Regular maintenance of inlets and outlets required.,295020.0940823823,304849.0866484559
47.89698798059363,19.793822462937868,11.30674961647281,4.666937716999086,57.2308634145918,26.794229038436498,15.973687333471897,High Sedimentation,High (Every Year),Increase depth by dredging and use sediment for shore strengthening.,52591.39722415471,83085.59900813179
289.5617903570908,33.50303844425266,80.19169245194574,0.6022976671543284,290.7663856913994,34.40648494498415,80.79399011910007,High Erosion,Moderate (Every 2-3 Years),Strengthen shores to prevent erosion.,196063.62345512162,196129.17075372676
18.9351946245743,15.806552845018688,18.675921543379026,4.692419587458611,28.320033799491522,22.845182226206603,23.368341130837635,High Sedimentation,High (Every Year),Increase depth by dredging and use sediment for shore strengthening.,214907.69069212905,245904.12744674418
233.33341104809762,8.413849764889877,65.6218646773356,3.470640039273986,240.2746911266456,13.619809823800855,69.09250471660958,High Sedimentation,High (Every Year),Increase depth by dredging and use sediment for shore strengthening.,228277.71122416493,240819.22538758614
271.77967271908074,10.799587485979215,24.580095323625926,0.43240158961534236,272.64447589831144,11.448189870402228,25.012496913241268,High Erosion,Moderate (Every 2-3 Years),Strengthen shores to prevent erosion.,362960.243010438,362984.49699519516
143.98408481201392,10.762062753099759,10.84469788317517,1.5747214780393999,147.1335277680927,13.12414497015886,12.41941936121457,Stable,Low (Every 5 Years),Regular maintenance of inlets and outlets required.,224851.1455716556,226022.61917642626
295.8257970239364,11.835621208053245,25.074046908945956,3.57004323436188,302.96588349266017,17.190686059596068,28.644090143307835,High Sedimentation,High (Every Year),Increase depth by dredging and use sediment for shore strengthening.,251912.1301801388,265562.4140020015
16.219624719585667,11.247222769223455,72.50442625371025,0.4300179471969814,17.07966061397963,11.892249690018927,72.93444420090724,High Erosion,Moderate (Every 2-3 Years),Strengthen shores to prevent erosion.,156894.85889344735,156918.71398016505
19.636746185857994,33.83936351614466,85.7139503425223,2.9526352548637393,25.542016695585474,38.26831639844027,88.66658559738603,Stable,Low (Every 5 Years),Regular maintenance of inlets and outlets required.,217963.30623320304,225685.67715142833
411.47767976916947,13.184603797961516,83.19176659213217,1.7948269790694882,415.06733372730844,15.87684426656575,84.98659357120165,Stable,Low (Every 5 Years),Regular maintenance of inlets and outlets required.,152271.33226841816,154005.89104929133
180.7351300642202,20.555027749573846,40.32116943222703,3.142486037060638,187.02010213834146,25.268756805164802,43.463655469287666,Stable,Low (Every 5 Years),Regular maintenance of inlets and outlets required.,82938.16569579963,92247.9865640664
64.40319581329051,45.35547844577053,67.14042852049397,0.324135965681313,65.05146774465314,45.8416823942925,67.46456448617528,High Erosion,Moderate (Every 2-3 Years),Strengthen shores to prevent erosion.,321551.86702162004,321562.0835400315
261.59938676734737,26.328273811829256,21.293445246166275,4.370530350146644,270.3404474676407,32.88406933704922,25.66397559631292,High Sedimentation,High (Every Year),Increase depth by dredging and use sediment for shore strengthening.,350695.75934975734,375740.911595386
385.2267829962068,35.04009823344622,30.021625295840312,4.870095948969245,394.96697489414527,42.34524215690009,34.89172124480956,High Sedimentation,High (Every Year),Increase depth by dredging and use sediment for shore strengthening.,328770.6557043265,363423.09469557536
108.69469272092475,12.754394204073343,89.73724603359085,4.847501490899888,118.38969570272452,20.025646440423174,94.58474752449074,High Sedimentation,High (Every Year),Increase depth by dredging and use sediment for shore strengthening.,258572.31971025755,292744.6903920226
311.8223474336811,13.653005846390185,2.2871904275628676,3.7732939755403314,319.36893538476176,19.312946809700684,6.0604844031031995,High Sedimentation,High (Every Year),Increase depth by dredging and use sediment for shore strengthening.,220903.6010806534,237020.5630568196
43.58838503189023,6.839087731991549,9.46534455459234,0.7374225766400967,45.063230185170426,7.945221596951694,10.202767131232436,High Erosion,Moderate (Every 2-3 Years),Strengthen shores to prevent erosion.,438500.14230732137,438620.4436691681
